{
    "training": [
        6.969474792480469,
        5.828193881294944,
        5.3552011251449585,
        5.127273288640109,
        4.980654716491699,
        4.866536931558089,
        4.771574063734574,
        4.68560854955153,
        4.611449566754428,
        4.542727687142111,
        4.481026248498397,
        4.42215621471405,
        4.3673296624963935,
        4.3164063041860405,
        4.267601690509102,
        4.2220922762697395,
        4.177590077573603,
        4.135517624291507,
        4.0973481861027805,
        4.059417556632649,
        4.021720165556127,
        3.9870584173636003,
        3.9514013095335527,
        3.919910495931452,
        3.8874214833432976,
        3.8569279367273506,
        3.8300876942547886,
        3.8030073696916755,
        3.7739715413613752,
        3.7483626278963955,
        3.7242197556929155,
        3.701233338225972,
        3.679864682934501,
        3.6589427048509773,
        3.6383145397359673,
        3.6186712546782056,
        3.5998957590623335,
        3.5818301276727156,
        3.564135871150277,
        3.5499041839079424,
        3.5338002985174004,
        3.5186688845807854,
        3.5044678287072615,
        3.490611813285134,
        3.474366767839952,
        3.462430780584162,
        3.4499470862475308,
        3.43722892891277,
        3.4276031201536004,
        3.4178785356608303,
        3.4028367508541453,
        3.392364252697338,
        3.3834385221654717,
        3.3739814433184536,
        3.3627008687366136,
        3.3542367870157417,
        3.3451194817369636,
        3.3368737805973403
    ],
    "validation": [
        6.043205622086363,
        5.377983452556452,
        5.0944089760730575,
        4.932377057920804,
        4.813477431156082,
        4.7106771617101275,
        4.620945502397561,
        4.535402748368624,
        4.469473942330651,
        4.422918945321216,
        4.367388298563381,
        4.322292587488949,
        4.282355572791763,
        4.2411537680552085,
        4.20839109073418,
        4.17541264409494,
        4.144682434764519,
        4.122084114725711,
        4.098176567496418,
        4.07117823745892,
        4.048968866263183,
        4.021631677384413,
        4.001416854664554,
        3.9891565780946676,
        3.9727120241895393,
        3.9557784032174426,
        3.946536123829839,
        3.926442030677772,
        3.9171405191449478,
        3.911183911385929,
        3.8927142519261677,
        3.8849924847744846,
        3.8799998979599053,
        3.8782918608682184,
        3.8796442218841922,
        3.8743930886837594,
        3.868677739581212,
        3.8645644414295615,
        3.8674337155220004,
        3.8579485305342245,
        3.8627561309410634,
        3.854281460781083,
        3.8421715508947494,
        3.8381123664263495,
        3.8399877242815625,
        3.835412556360285,
        3.8273966072867784,
        3.825868555878432,
        3.8197090140827257,
        3.816568143175387,
        3.8192178764282114,
        3.8193044680851753,
        3.817293829274254,
        3.812887313998369,
        3.823716977325454,
        3.8189276458703025,
        3.825743532158019,
        3.8206262407341236
    ]
}